,Supplier_Lead_Time,Inventory_Levels,Order_Frequency,Delivery_Performance,Cost_Per_Unit
Supplier_Lead_Time,100,24.09501072,-86.83976221,-92.04364653,97.2162582
Inventory_Levels,24.09501072,100,-23.98288871,-23.24819861,25.3367345
Order_Frequency,-86.83976221,-23.98288871,100,77.84165216,-84.78874301
Delivery_Performance,-92.04364653,-23.24819861,77.84165216,100,-93.55958847
Cost_Per_Unit,97.2162582,25.3367345,-84.78874301,-93.55958847,100